Date,Price,Pmin,Pmax,Diff
28.05.2019,6.0319,6.0646,6.0850,5.9811.-0.51%
27.05.2019,6.0629,6.0903,6.1070,6.0270.-0.27%
26.05.2019,6.0794,6.0844,6.1082,6.0746.-0.05%
24.05.2019,6.0825,6.0963,6.1290,6.0370.-0.23%
23.05.2019,6.0964,6.0956,6.1520,6.0845.-0.06%
22.05.2019,6.1002,6.0606,6.1300,6.0518.0.79%
21.05.2019,6.0525,6.0287,6.0820,6.0060.0.42%
20.05.2019,6.0272,6.0631,6.0881,5.9983.-0.57%
19.05.2019,6.0617,6.0555,6.0632,6.0511.0.11%
17.05.2019,6.0550,6.0425,6.0953,6.0180.0.15%
16.05.2019,6.0457,6.0042,6.0553,5.9893.0.75%
15.05.2019,6.0007,6.0335,6.0891,5.9898.-0.50%
14.05.2019,6.0306,6.0607,6.1162,5.9787.-0.48%
13.05.2019,6.0594,6.0064,6.1346,5.9572.1.10%
12.05.2019,5.9936,5.9851,6.0066,5.9771.0.14%
10.05.2019,5.9851,6.1988,6.2126,5.9600.-3.35%
09.05.2019,6.1926,6.1810,6.2465,6.1509.0.11%
08.05.2019,6.1860,6.1484,6.1997,6.1375.0.57%
07.05.2019,6.1511,6.0780,6.1979,6.0714.1.16%
06.05.2019,6.0803,5.9664,6.1496,5.9663.1.59%
05.05.2019,5.9851,5.9644,5.9959,5.9640.0.34%
03.05.2019,5.9648,5.9736,5.9932,5.9577.0.01%
02.05.2019,5.9645,5.9671,5.9829,5.9425.-0.03%
01.05.2019,5.9665,5.9675,5.9699,5.9351.0.02%
30.04.2019,5.9656,5.9488,5.9875,5.9259.0.29%
29.04.2019,5.9483,5.9343,5.9629,5.9130.0.03%
28.04.2019,5.9462,5.9377,5.9472,5.9318.0.14%
26.04.2019,5.9382,5.9276,5.9696,5.9070.0.19%
25.04.2019,5.9268,5.8750,5.9811,5.8624.0.88%
24.04.2019,5.8753,5.8297,5.8954,5.8224.0.80%
23.04.2019,5.8287,5.8273,5.8534,5.8075.0.03%
22.04.2019,5.8272,5.8112,5.8570,5.8040.0.01%
21.04.2019,5.8264,5.8113,5.8337,5.8089.0.26%
19.04.2019,5.8112,5.8001,5.8352,5.7685.0.16%
18.04.2019,5.8018,5.7451,5.8543,5.7409.1.10%
17.04.2019,5.7387,5.7709,5.7966,5.6920.-0.55%
16.04.2019,5.7703,5.8073,5.8323,5.7382.-0.58%
15.04.2019,5.8041,5.7676,5.8243,5.7613.0.32%
14.04.2019,5.7856,5.7693,5.7891,5.7602.0.28%
12.04.2019,5.7693,5.7363,5.8235,5.7000.0.53%
11.04.2019,5.7388,5.6829,5.7600,5.6626.1.00%
10.04.2019,5.6818,5.6916,5.7207,5.6565.-0.22%
09.04.2019,5.6943,5.6897,5.7062,5.6307.0.07%
08.04.2019,5.6903,5.6261,5.7290,5.6111.0.91%
07.04.2019,5.6390,5.6261,5.6409,5.6261.0.23%
05.04.2019,5.6262,5.5890,5.6505,5.5505.0.60%
04.04.2019,5.5925,5.6265,5.6645,5.5414.-0.60%
03.04.2019,5.6260,5.6069,5.6566,5.5634.0.37%
02.04.2019,5.6050,5.4865,5.6792,5.4755.2.16%
01.04.2019,5.4863,5.5565,5.7040,5.4085.-1.89%
31.03.2019,5.5919,5.5861,5.5956,5.5795.0.66%
29.03.2019,5.5555,5.5726,5.6822,5.5535.-0.10%
28.03.2019,5.5610,5.3462,5.6275,5.3452.4.38%
27.03.2019,5.3278,5.3374,5.4654,5.2690.-0.00%
26.03.2019,5.3279,5.5469,5.5936,5.2992.-4.01%
25.03.2019,5.5503,5.7631,5.7726,5.5412.-2.51%
24.03.2019,5.6930,5.7630,5.7726,5.6238.-1.21%
22.03.2019,5.7627,5.4654,5.8450,5.4470.5.44%
21.03.2019,5.4652,5.4245,5.4813,5.4205.0.82%
20.03.2019,5.4208,5.4760,5.4859,5.4082.-1.02%
19.03.2019,5.4764,5.4669,5.4884,5.4515.0.15%
18.03.2019,5.4683,5.4480,5.4748,5.4427.0.35%
17.03.2019,5.4490,5.4466,5.4517,5.4461.0.04%
15.03.2019,5.4467,5.4656,5.4768,5.4398.-0.37%
14.03.2019,5.4671,5.4573,5.4771,5.4538.0.20%
13.03.2019,5.4564,5.4563,5.4812,5.4450.-0.01%
12.03.2019,5.4572,5.4442,5.4672,5.4215.0.21%
11.03.2019,5.4455,5.4270,5.4616,5.4210.0.22%
10.03.2019,5.4338,5.4394,5.4471,5.4275.0.06%
08.03.2019,5.4303,5.4741,5.4917,5.4200.-0.75%
07.03.2019,5.4712,5.4267,5.4810,5.4170.0.78%
06.03.2019,5.4288,5.3868,5.4474,5.3585.0.78%
05.03.2019,5.3870,5.3718,5.4038,5.3593.0.19%
04.03.2019,5.3769,5.3777,5.4040,5.3632.0.08%
03.03.2019,5.3725,5.3741,5.3763,5.3663.-0.03%
01.03.2019,5.3742,5.3371,5.4054,5.3265.0.70%
28.02.2019,5.3371,5.3080,5.3427,5.3040.0.44%
27.02.2019,5.3136,5.3050,5.3251,5.2808.0.13%
26.02.2019,5.3066,5.3051,5.3215,5.2876.0.08%
25.02.2019,5.3026,5.3198,5.3285,5.2912.-0.33%
24.02.2019,5.3203,5.3207,5.3293,5.3182.0.03%
22.02.2019,5.3186,5.3159,5.3414,5.3010.-0.05%
21.02.2019,5.3214,5.3288,5.3455,5.2982.-0.06%
20.02.2019,5.3244,5.2838,5.3322,5.2748.0.79%
19.02.2019,5.2828,5.2931,5.3247,5.2786.-0.48%
18.02.2019,5.3083,5.2817,5.3231,5.2762.0.43%
17.02.2019,5.2854,5.2799,5.2902,5.2710.0.27%
15.02.2019,5.2714,5.2704,5.3111,5.2430.-0.03%
14.02.2019,5.2729,5.2829,5.3252,5.2572.-0.23%
13.02.2019,5.2850,5.2538,5.2985,5.2352.0.64%
12.02.2019,5.2516,5.2787,5.2938,5.2470.-0.50%
11.02.2019,5.2779,5.2499,5.2930,5.2358.0.50%
10.02.2019,5.2517,5.2474,5.2565,5.2460.0.08%
08.02.2019,5.2474,5.2643,5.2781,5.2220.-0.37%
07.02.2019,5.2668,5.2176,5.2970,5.2085.0.96%
06.02.2019,5.2168,5.2014,5.2414,5.1977.0.35%
05.02.2019,5.1985,5.2217,5.2259,5.1790.-0.38%
04.02.2019,5.2182,5.2031,5.2444,5.2001.0.03%
03.02.2019,5.2167,5.2080,5.2167,5.2080.0.16%
01.02.2019,5.2084,5.1585,5.2308,5.1585.0.85%
31.01.2019,5.1645,5.2265,5.2462,5.1589.-1.16%
30.01.2019,5.2252,5.3095,5.3253,5.2090.-1.59%
29.01.2019,5.3098,5.3238,5.3647,5.2963.-0.34%
28.01.2019,5.3279,5.2585,5.3432,5.2432.1.10%
27.01.2019,5.2699,5.2618,5.2805,5.1188.0.02%
25.01.2019,5.2688,5.2615,5.2926,5.2455.0.07%
24.01.2019,5.2650,5.2848,5.3017,5.2446.-0.40%
23.01.2019,5.2860,5.3397,5.3578,5.2727.-1.08%
22.01.2019,5.3435,5.3265,5.3731,5.3216.0.35%
21.01.2019,5.3247,5.3258,5.3589,5.3144.-0.07%
20.01.2019,5.3286,5.3282,5.3345,5.3198.0.01%
18.01.2019,5.3283,5.3426,5.3777,5.3152.-0.37%
17.01.2019,5.3480,5.3326,5.3921,5.3321.0.22%
16.01.2019,5.3363,5.4500,5.4559,5.3263.-2.03%
15.01.2019,5.4466,5.4461,5.4715,5.4219.0.03%
14.01.2019,5.4447,5.4630,5.5534,5.4310.-0.68%
13.01.2019,5.4818,5.4550,5.5018,5.4550.0.49%
11.01.2019,5.4550,5.4196,5.5055,5.4000.0.71%
10.01.2019,5.4168,5.4801,5.5083,5.3975.-1.10%
09.01.2019,5.4768,5.4805,5.5486,5.4375.-0.08%
08.01.2019,5.4811,5.3814,5.5155,5.3740.1.79%
07.01.2019,5.3848,5.3362,5.4153,5.3171.1.05%
06.01.2019,5.3287,5.3350,5.3451,5.3266.-0.05%
04.01.2019,5.3311,5.4587,5.4778,5.3058.-2.48%
03.01.2019,5.4664,5.4002,5.8300,5.3857.1.22%
02.01.2019,5.4003,5.3010,5.4215,5.2737.2.02%
01.01.2019,5.2933,5.2896,5.2933,5.2540.0.09%
31.12.2018,5.2887,5.2725,5.3220,5.2530.0.13%
30.12.2018,5.2817,5.2897,5.3193,5.2804.0.17%
28.12.2018,5.2725,5.2850,5.3008,5.2430.-0.24%
27.12.2018,5.2850,5.2749,5.3073,5.2644.0.16%
26.12.2018,5.2766,5.2965,5.3088,5.2702.-0.63%
25.12.2018,5.3101,5.3003,5.3560,5.2901.0.40%
24.12.2018,5.2890,5.3197,5.3251,5.2763.-0.53%
23.12.2018,5.3173,5.3185,5.3190,5.3093.-0.02%
21.12.2018,5.3181,5.2619,5.3213,5.2300.1.01%
20.12.2018,5.2649,5.2928,5.3303,5.2255.-0.40%
19.12.2018,5.2861,5.3430,5.3551,5.1969.-1.10%
18.12.2018,5.3450,5.3697,5.3902,5.3250.-0.44%
17.12.2018,5.3686,5.3639,5.3973,5.3570.-0.08%
16.12.2018,5.3728,5.3675,5.3756,5.3671.0.17%
14.12.2018,5.3635,5.3352,5.4219,5.3301.0.46%
13.12.2018,5.3392,5.3520,5.3917,5.2990.-0.17%
12.12.2018,5.3482,5.3703,5.4016,5.3309.-0.32%
11.12.2018,5.3653,5.3189,5.4045,5.3010.0.76%
10.12.2018,5.3248,5.2993,5.3580,5.2666.0.02%
09.12.2018,5.3237,5.3085,5.3240,5.3027.0.39%
07.12.2018,5.3029,5.3308,5.3518,5.2490.-0.67%
06.12.2018,5.3386,5.3258,5.4050,5.3176.0.23%
05.12.2018,5.3262,5.3833,5.4528,5.3020.-1.14%
04.12.2018,5.3875,5.2550,5.4623,5.2332.2.62%
03.12.2018,5.2501,5.2207,5.2938,5.1448.1.08%
02.12.2018,5.1940,5.1653,5.2170,5.1651.-0.36%
30.11.2018,5.2128,5.1625,5.2571,5.1350.0.96%
29.11.2018,5.1631,5.2312,5.2389,5.1322.-1.13%
28.11.2018,5.2219,5.2789,5.2829,5.2097.-0.94%
27.11.2018,5.2716,5.2472,5.3003,5.2153.0.46%
26.11.2018,5.2477,5.2877,5.3009,5.2110.-0.94%
25.11.2018,5.2976,5.2973,5.2982,5.2956.0.19%
23.11.2018,5.2875,5.2870,5.3121,5.2520.-0.16%
22.11.2018,5.2960,5.3121,5.3517,5.2730.-0.23%
21.11.2018,5.3080,5.3769,5.4008,5.2786.-1.29%
20.11.2018,5.3776,5.2995,5.4387,5.2970.1.32%
19.11.2018,5.3075,5.3397,5.3734,5.2950.-0.60%
18.11.2018,5.3398,5.3510,5.3766,5.3397.0.15%
16.11.2018,5.3318,5.3482,5.3951,5.3033.-0.30%
15.11.2018,5.3481,5.4610,5.4715,5.3024.-2.09%
14.11.2018,5.4624,5.4827,5.5013,5.4456.-0.28%
13.11.2018,5.4776,5.4646,5.5299,5.4410.0.17%
12.11.2018,5.4685,5.4677,5.5239,5.4231.0.12%
11.11.2018,5.4621,5.4696,5.4744,5.4580.0.03%
09.11.2018,5.4606,5.4500,5.5421,5.4285.0.04%
08.11.2018,5.4583,5.3569,5.4762,5.3540.1.81%
07.11.2018,5.3612,5.3621,5.4179,5.3175.0.10%
06.11.2018,5.3560,5.3129,5.4181,5.2940.0.80%
05.11.2018,5.3134,5.4296,5.4755,5.2990.-2.19%
04.11.2018,5.4322,5.4295,5.4334,5.4295.0.05%
02.11.2018,5.4296,5.5085,5.5279,5.3980.-1.49%
01.11.2018,5.5118,5.5867,5.6525,5.5013.-1.28%
31.10.2018,5.5835,5.4680,5.6322,5.4612.1.99%
30.10.2018,5.4746,5.5677,5.5692,5.4608.-1.56%
29.10.2018,5.5611,5.5969,5.6037,5.5072.-0.53%
28.10.2018,5.5906,5.6188,5.6188,5.5844.-0.04%
26.10.2018,5.5929,5.6353,5.6578,5.5626.-0.74%
25.10.2018,5.6345,5.7041,5.7417,5.6122.-1.19%
24.10.2018,5.7023,5.7469,5.7784,5.6531.-0.60%
23.10.2018,5.7370,5.6683,5.8780,5.6650.1.20%
22.10.2018,5.6689,5.6521,5.6958,5.6145.0.31%
21.10.2018,5.6516,5.6518,5.6526,5.6486.0.16%
19.10.2018,5.6425,5.6345,5.7005,5.5800.0.00%
18.10.2018,5.6425,5.5765,5.6831,5.5093.1.06%
17.10.2018,5.5835,5.6815,5.7207,5.5285.-1.80%
16.10.2018,5.6856,5.7896,5.8114,5.6623.-1.75%
15.10.2018,5.7867,5.8698,5.9051,5.7424.-1.84%
14.10.2018,5.8952,5.8987,5.9061,5.8847.0.39%
12.10.2018,5.8721,5.9253,5.9845,5.8068.-0.91%
11.10.2018,5.9258,6.0720,6.0849,5.8945.-2.47%
10.10.2018,6.0760,6.1042,6.1357,5.9971.-0.41%
09.10.2018,6.1011,6.1064,6.1604,6.0610.-0.16%
08.10.2018,6.1106,6.1380,6.1947,6.0908.-0.89%
07.10.2018,6.1656,6.1666,6.1721,6.1600.0.53%
05.10.2018,6.1333,6.1520,6.2123,6.0700.-0.48%
04.10.2018,6.1627,6.0389,6.2332,6.0339.1.93%
03.10.2018,6.0458,5.9730,6.0931,5.9530.1.02%
02.10.2018,5.9846,5.9315,6.0594,5.9005.0.82%
01.10.2018,5.9360,6.0670,6.0792,5.8870.-1.80%
30.09.2018,6.0450,6.0477,6.0705,6.0449.-0.18%
28.09.2018,6.0560,6.0093,6.0942,5.9320.0.80%
27.09.2018,6.0080,6.1218,6.1499,5.9460.-1.62%
26.09.2018,6.1070,6.1570,6.2171,6.0520.-0.89%
25.09.2018,6.1618,6.1320,6.2244,6.0370.0.15%
24.09.2018,6.1524,6.2422,6.3361,6.0348.-2.47%
23.09.2018,6.3080,6.3001,6.3175,6.2946.0.23%
21.09.2018,6.2937,6.2006,6.3071,6.1790.1.58%
20.09.2018,6.1960,6.2639,6.3907,6.1180.-0.85%
19.09.2018,6.2493,6.3887,6.4204,6.2119.-2.12%
18.09.2018,6.3846,6.3258,6.4803,6.3064.1.11%
17.09.2018,6.3144,6.1809,6.3292,6.1363.2.46%
16.09.2018,6.1628,6.1683,6.1707,6.1595.-0.12%
14.09.2018,6.1703,6.0640,6.1911,5.9820.1.47%
13.09.2018,6.0812,6.3549,6.5653,5.9989.-4.11%
12.09.2018,6.3420,6.4270,6.4821,6.3110.-1.37%
11.09.2018,6.4302,6.4706,6.5003,6.4134.-0.49%
10.09.2018,6.4616,6.3960,6.5071,6.3793.0.61%
09.09.2018,6.4222,6.4026,6.4226,6.3981.0.39%
07.09.2018,6.3970,6.5810,6.6201,6.3615.-2.82%
06.09.2018,6.5827,6.6105,6.6589,6.5339.-0.28%
05.09.2018,6.6011,6.6753,6.7419,6.5789.-1.05%
04.09.2018,6.6711,6.6200,6.7251,6.5654.0.56%
03.09.2018,6.6340,6.5299,6.7324,6.4890.0.77%
02.09.2018,6.5835,6.5705,6.5936,6.5568.0.70%
31.08.2018,6.5380,6.6740,6.8125,6.3765.-1.71%
30.08.2018,6.6519,6.4520,6.8350,6.4021.2.73%
29.08.2018,6.4752,6.3026,6.5138,6.2447.3.22%
28.08.2018,6.2730,6.1456,6.3130,6.1075.2.47%
27.08.2018,6.1217,6.0058,6.2978,5.9629.2.29%
26.08.2018,5.9844,5.9999,6.0023,5.9818.-0.37%
24.08.2018,6.0068,6.0968,6.1357,5.9811.-1.92%
23.08.2018,6.1247,6.0564,6.1909,6.0277.1.21%
22.08.2018,6.0512,6.0719,6.1368,6.0218.-0.40%
21.08.2018,6.0758,6.1055,6.1796,6.0171.-0.08%
20.08.2018,6.0808,6.0280,6.2000,5.9520.1.20%
19.08.2018,6.0084,6.0126,6.0126,5.9797.-0.09%
17.08.2018,6.0140,5.8200,6.3416,5.7180.3.21%
16.08.2018,5.8270,5.9280,6.0410,5.6675.-2.73%
15.08.2018,5.9905,6.3401,6.5955,5.8600.-5.73%
14.08.2018,6.3544,6.8868,6.9668,6.2804.-7.69%
13.08.2018,6.8834,6.4362.7.2393,6.4362.0.82%
12.08.2018,6.8274,7.1289.7.1326,6.5758.6.22%
10.08.2018,6.4275,5.5450,6.8020,5.5300.15.90%
09.08.2018,5.5457,5.2840,5.5720,5.2777.5.03%
08.08.2018,5.2800,5.2310,5.3112,5.2200.0.68%
07.08.2018,5.2443,5.3275,5.3696,5.1725.-1.61%
06.08.2018,5.3301,5.0798,5.4265,5.0798.4.50%
05.08.2018,5.1007,5.0909,5.1129,5.0909.0.38%
03.08.2018,5.0815,5.0655,5.1135,5.0528.0.31%
02.08.2018,5.0660,4.9924,5.0944,4.9591.1.42%
01.08.2018,4.9950,4.9136,5.0183,4.9086.1.64%
31.07.2018,4.9142,4.8845,4.9324,4.8734.0.65%
30.07.2018,4.8823,4.8459,4.9104,4.8407.0.52%
29.07.2018,4.8572,4.8554,4.8584,4.8544.0.09%
27.07.2018,4.8529,4.8644,4.8830,4.8340.-0.25%
26.07.2018,4.8649,4.7705,4.8845,4.7660.1.93%
25.07.2018,4.7728,4.8883,4.8924,4.7728.-2.32%
24.07.2018,4.8861,4.7415,4.9403,4.7345.3.09%
23.07.2018,4.7395,4.7939,4.7970,4.7305.-0.85%
22.07.2018,4.7803,4.7854,4.7873,4.7782.-0.26%
20.07.2018,4.7927,4.8065,4.8269,4.7630.-0.29%
19.07.2018,4.8066,4.7970,4.8453,4.7875.0.24%
18.07.2018,4.7953,4.8075,4.8473,4.7625.-0.23%
17.07.2018,4.8065,4.8450,4.8606,4.7755.-0.82%
16.07.2018,4.8463,4.8435,4.8680,4.8180.-0.21%
15.07.2018,4.8567,4.8632,4.8651,4.8458.0.03%
13.07.2018,4.8552,4.8545,4.8753,4.8066.0.00%
12.07.2018,4.8552,4.8735,4.9721,4.7792.-0.43%
11.07.2018,4.8762,4.7035,4.8789,4.6923.3.58%
10.07.2018,4.7077,4.7358,4.7588,4.6448.-0.55%
09.07.2018,4.7338,4.5694,4.7488,4.5060.3.37%
08.07.2018,4.5794,4.5819,4.5907,4.5769.0.20%
06.07.2018,4.5704,4.5935,4.6198,4.5684.-0.48%
05.07.2018,4.5925,4.6692,4.6890,4.5813.-1.59%
04.07.2018,4.6667,4.6720,4.7234,4.6590.-0.08%
03.07.2018,4.6705,4.6175,4.6881,4.6080.1.18%
02.07.2018,4.6161,4.5908,4.6448,4.5813.0.44%
01.07.2018,4.5957,4.6038,4.6052,4.5933.0.19%
29.06.2018,4.5872,4.5830,4.6111,4.5445.0.04%
28.06.2018,4.5853,4.6245,4.6535,4.5733.-0.80%
27.06.2018,4.6225,4.6168,4.6590,4.5895.0.15%
26.06.2018,4.6155,4.6792,4.7169,4.6045.-1.40%
25.06.2018,4.6810,4.6600,4.7249,4.5350.1.46%
24.06.2018,4.6136,4.6326,4.6612,4.5874.-1.36%
22.06.2018,4.6773,4.7185,4.7462,4.6585.-0.96%
21.06.2018,4.7225,4.7312,4.7700,4.7151.-0.22%
20.06.2018,4.7327,4.7319,4.7696,4.7220.-0.16%
19.06.2018,4.7402,4.7055,4.7763,4.6860.0.77%
18.06.2018,4.7042,4.7272,4.7458,4.6730.-0.81%
17.06.2018,4.7427,4.7363,4.7448,4.7332.0.27%
15.06.2018,4.7301,4.7267,4.7602,4.7073.0.09%
14.06.2018,4.7259,4.6319,4.7329,4.5910.1.74%
13.06.2018,4.6452,4.5953,4.6994,4.5812.1.04%
12.06.2018,4.5976,4.5229,4.5998,4.5191.1.63%
11.06.2018,4.5240,4.4774,4.5420,4.4610.1.13%
10.06.2018,4.4735,4.4849,4.4849,4.4691.-0.01%
08.06.2018,4.4740,4.4800,4.5404,4.4591.-0.23%
07.06.2018,4.4844,4.5537,4.5872,4.4510.-1.56%
06.06.2018,4.5554,4.5980,4.6290,4.5358.-0.94%
05.06.2018,4.5985,4.5903,4.6337,4.5805.0.14%
04.06.2018,4.5921,4.6495,4.6791,4.5735.-1.22%
03.06.2018,4.6486,4.6505,4.6551,4.6456.-0.05%
01.06.2018,4.6508,4.5240,4.6574,4.5140.2.79%
31.05.2018,4.5245,4.4590,4.5463,4.4495.1.33%
30.05.2018,4.4650,4.5483,4.5641,4.4410.-1.84%
29.05.2018,4.5488,4.5770,4.6358,4.5280.-0.73%
28.05.2018,4.5822,4.7130,4.7214,4.5495.-2.62%
27.05.2018,4.7055,4.7171,4.7178,4.6986.-0.06%
25.05.2018,4.7081,4.7090,4.8030,4.6818.0.02%
24.05.2018,4.7073,4.5763,4.8032,4.5380.2.86%
23.05.2018,4.5762,4.6660,4.9241,4.5395.-1.99%
22.05.2018,4.6691,4.5744,4.6738,4.5375.2.06%
21.05.2018,4.5749,4.4902,4.6000,4.4864.1.85%
18.05.2018,4.4917,4.4570,4.5060,4.4365.0.70%
17.05.2018,4.4606,4.4110,4.4674,4.4095.1.06%
16.05.2018,4.4139,4.4430,4.5015,4.3900.-0.70%
15.05.2018,4.4450,4.3689,4.4770,4.3470.1.78%
14.05.2018,4.3674,4.3139,4.3714,4.3000.1.25%
11.05.2018,4.3136,4.2347,4.3180,4.2261.1.85%
10.05.2018,4.2352,4.2871,4.3084,4.2197.-1.22%
09.05.2018,4.2876,4.3290,4.3746,4.2510.-1.04%
08.05.2018,4.3327,4.2664,4.3382,4.2565.1.54%
07.05.2018,4.2669,4.2260,4.2729,4.2210.0.97%
04.05.2018,4.2260,4.2153,4.2921,4.2137.0.31%
03.05.2018,4.2131,4.1772,4.2450,4.1522.0.86%
02.05.2018,4.1771,4.1028,4.1876,4.0886.1.81%
01.05.2018,4.1030,4.0610,4.1254,4.0530.1.02%
30.04.2018,4.0617,4.0441,4.0740,4.0245.0.48%
27.04.2018,4.0422,4.0659,4.0800,4.0350.-0.60%
26.04.2018,4.0664,4.0813,4.0863,4.0545.-0.36%
25.04.2018,4.0809,4.0866,4.1116,4.0325.-0.12%
24.04.2018,4.0860,4.1077,4.1144,4.0775.-0.53%
23.04.2018,4.1079,4.0766,4.1110,4.0614.0.77%
20.04.2018,4.0766,4.0398,4.0790,4.0225.0.90%
19.04.2018,4.0403,4.0078,4.0500,4.0055.0.79%
18.04.2018,4.0086,4.0941,4.1086,4.0037.-2.17%
17.04.2018,4.0976,4.0967,4.1266,4.0697.0.03%
16.04.2018,4.0963,4.0984,4.1213,4.0865.-0.01%
13.04.2018,4.0969,4.1097,4.1173,4.0650.-0.32%
12.04.2018,4.1102,4.1308,4.1615,4.0813.-0.62%
11.04.2018,4.1360,4.1120,4.1950,4.1067.0.58%
10.04.2018,4.1121,4.0715,4.1393,4.0530.0.94%
09.04.2018,4.0737,4.0410,4.0761,4.0315.0.71%
06.04.2018,4.0449,4.0531,4.0680,4.0263.-0.16%
05.04.2018,4.0515,3.9970,4.0538,3.9942.1.31%
04.04.2018,3.9991,3.9894,4.0290,3.9832.0.26%
03.04.2018,3.9887,3.9719,3.9950,3.9670.0.38%
02.04.2018,3.9735,3.9542,3.9808,3.9496.0.46%
30.03.2018,3.9552,3.9426,3.9613,3.9370.0.33%
29.03.2018,3.9422,4.0080,4.0163,3.9325.-1.70%
28.03.2018,4.0103,3.9822,4.0169,3.9772.0.71%
27.03.2018,3.9819,3.9657,3.9981,3.9579.0.41%
26.03.2018,3.9657,3.9803,3.9963,3.9524.-0.42%
23.03.2018,3.9824,3.9311,4.0356,3.9311.1.22%
22.03.2018,3.9343,3.9097,3.9458,3.8969.0.66%
21.03.2018,3.9085,3.9350,3.9407,3.9062.-0.65%
20.03.2018,3.9339,3.9356,3.9535,3.9180.-0.06%
19.03.2018,3.9362,3.9119,3.9546,3.9119.0.42%
16.03.2018,3.9196,3.8955,3.9266,3.8875.0.62%
15.03.2018,3.8956,3.8791,3.9070,3.8721.0.41%
14.03.2018,3.8796,3.8731,3.8954,3.8524.0.16%
13.03.2018,3.8733,3.8439,3.8754,3.8325.0.77%
12.03.2018,3.8438,3.8102,3.8525,3.8037.0.86%
09.03.2018,3.8111,3.8238,3.8290,3.8000.-0.33%
08.03.2018,3.8236,3.7994,3.8285,3.7977.0.55%
07.03.2018,3.8027,3.7929,3.8098,3.7876.0.22%
06.03.2018,3.7942,3.8078,3.8131,3.7827.-0.37%
05.03.2018,3.8084,3.8074,3.8296,3.8038.0.03%
02.03.2018,3.8071,3.8057,3.8252,3.7990.0.04%
01.03.2018,3.8056,3.7996,3.8210,3.7939.0.18%
28.02.2018,3.7988,3.8151,3.8169,3.7925.-0.44%
27.02.2018,3.8155,3.7852,3.8160,3.7780.0.77%
26.02.2018,3.7864,3.7879,3.7985,3.7729.-0.11%
23.02.2018,3.7905,3.7845,3.7965,3.7760.0.16%
22.02.2018,3.7843,3.7866,3.8112,3.7782.-0.13%
21.02.2018,3.7891,3.7971,3.8104,3.7740.-0.24%
20.02.2018,3.7984,3.7569,3.8136,3.7565.1.09%
19.02.2018,3.7573,3.7465,3.7642,3.7418.0.26%
16.02.2018,3.7474,3.7644,3.7730,3.7345.-0.45%
15.02.2018,3.7644,3.7826,3.7866,3.7619.-0.48%
14.02.2018,3.7824,3.8123,3.8253,3.7778.-0.74%
13.02.2018,3.8106,3.8002,3.8134,3.7875.0.29%
12.02.2018,3.7997,3.8209,3.8290,3.7945.-0.60%
09.02.2018,3.8226,3.8213,3.8456,3.8035.0.03%
08.02.2018,3.8216,3.8047,3.8360,3.7885.0.44%
07.02.2018,3.8047,3.7697,3.8077,3.7605.0.93%
06.02.2018,3.7695,3.7895,3.7964,3.7605.-0.54%
05.02.2018,3.7900,3.7688,3.7920,3.7525.0.44%
02.02.2018,3.7734,3.7336,3.7786,3.7290.1.12%
01.02.2018,3.7315,3.7547,3.7724,3.7260.-0.64%
31.01.2018,3.7555,3.7811,3.7837,3.7441.-0.67%
30.01.2018,3.7810,3.7929,3.8000,3.7584.-0.33%
29.01.2018,3.7934,3.7539,3.7973,3.7408.1.03%
26.01.2018,3.7548,3.7517,3.7662,3.7252.0.06%
25.01.2018,3.7525,3.7379,3.7609,3.7126.0.38%
24.01.2018,3.7384,3.7670,3.7754,3.7298.-0.77%
23.01.2018,3.7673,3.7760,3.8049,3.7638.-0.20%
22.01.2018,3.7750,3.8316,3.8491,3.7695.-0.83%
19.01.2018,3.8065,3.7708,3.8177,3.7585.0.97%
18.01.2018,3.7701,3.8161,3.8226,3.7550.-1.26%
17.01.2018,3.8182,3.7971,3.8339,3.7905.0.53%
16.01.2018,3.7980,3.8011,3.8359,3.7835.-0.07%
15.01.2018,3.8007,3.7484,3.8043,3.7429.1.40%
12.01.2018,3.7483,3.7767,3.7847,3.7437.-0.68%
11.01.2018,3.7741,3.7996,3.8064,3.7670.-0.67%
10.01.2018,3.7994,3.7675,3.8092,3.7646.0.84%
09.01.2018,3.7679,3.7456,3.7801,3.7397.0.63%
08.01.2018,3.7443,3.7317,3.7576,3.7296.0.20%
05.01.2018,3.7367,3.7496,3.7618,3.7275.-0.30%
04.01.2018,3.7480,3.7834,3.7883,3.7440.-0.88%
03.01.2018,3.7812,3.7660,3.7879,3.7520.0.38%
02.01.2018,3.7667,3.7920,3.7968,3.7490.-0.55%
01.01.2018,3.7875,3.7855,3.7974,3.7855.-0.07%
29.12.2017,3.7900,3.7748,3.7975,3.7592.0.40%
28.12.2017,3.7749,3.8160,3.8255,3.7630.-1.07%
27.12.2017,3.8156,3.8110,3.8283,3.8020.0.09%
26.12.2017,3.8120,3.8091,3.8200,3.7946.0.12%
25.12.2017,3.8074,3.8097,3.8200,3.7910.-0.22%
22.12.2017,3.8157,3.8182,3.8277,3.8068.-0.05%
21.12.2017,3.8175,3.8192,3.8342,3.8138.-0.07%
20.12.2017,3.8203,3.8331,3.8453,3.8133.-0.35%
19.12.2017,3.8336,3.8297,3.8455,3.8198.0.09%
18.12.2017,3.8300,3.8628,3.8706,3.8203.-0.82%
15.12.2017,3.8617,3.8889,3.8902,3.8478.-0.65%
14.12.2017,3.8869,3.8114,3.8972,3.8076.1.97%
13.12.2017,3.8119,3.8479,3.8655,3.8083.-0.94%
12.12.2017,3.8479,3.8380,3.8609,3.8213.0.29%
11.12.2017,3.8367,3.8387,3.8400,3.8140.-0.05%
08.12.2017,3.8388,3.8594,3.8746,3.8237.-0.63%
07.12.2017,3.8631,3.8507,3.8740,3.8465.0.32%
06.12.2017,3.8506,3.8438,3.8640,3.8385.0.16%
05.12.2017,3.8444,3.8742,3.8801,3.8375.-0.77%
04.12.2017,3.8742,3.9162,3.9466,3.8622.-0.99%
01.12.2017,3.9131,3.9179,3.9476,3.9059.-0.15%
30.11.2017,3.9190,3.9618,3.9626,3.9030.-1.07%
29.11.2017,3.9613,3.9641,3.9737,3.9400.-0.08%
28.11.2017,3.9645,3.9059,3.9736,3.9017.1.49%
27.11.2017,3.9062,3.9498,3.9562,3.8875.-0.95%
24.11.2017,3.9437,3.9200,3.9576,3.9090.0.60%
23.11.2017,3.9201,3.9179,3.9475,3.8960.0.04%
22.11.2017,3.9184,3.9548,3.9825,3.9115.-0.97%
21.11.2017,3.9566,3.9289,3.9778,3.9180.0.72%
20.11.2017,3.9285,3.8771,3.9301,3.8537.1.32%
17.11.2017,3.8773,3.8647,3.9055,3.8512.0.37%
16.11.2017,3.8629,3.8808,3.8891,3.8485.-0.47%
15.11.2017,3.8811,3.8852,3.9015,3.8690.-0.13%
14.11.2017,3.8860,3.8685,3.9109,3.8577.0.40%
13.11.2017,3.8706,3.8602,3.8892,3.8460.0.18%
10.11.2017,3.8636,3.8611,3.8817,3.8451.-0.03%
09.11.2017,3.8647,3.8677,3.8824,3.8367.-0.05%
08.11.2017,3.8665,3.8851,3.9020,3.8549.-0.46%
07.11.2017,3.8844,3.8278,3.8966,3.8235.1.47%
06.11.2017,3.8280,3.8825,3.8904,3.8205.-1.50%
03.11.2017,3.8864,3.7973,3.8899,3.7944.2.34%
02.11.2017,3.7975,3.8122,3.8270,3.7894.-0.41%
01.11.2017,3.8130,3.7917,3.8340,3.7830.0.55%
31.10.2017,3.7920,3.7793,3.8151,3.7620.0.32%
30.10.2017,3.7798,3.7910,3.7948,3.7610.-0.23%
27.10.2017,3.7885,3.8198,3.8432,3.7830.-0.83%
26.10.2017,3.8203,3.7667,3.8353,3.7489.1.42%
25.10.2017,3.7668,3.7421,3.8082,3.7167.0.68%
24.10.2017,3.7414,3.7158,3.7593,3.7011.0.68%
23.10.2017,3.7163,3.6709,3.7230,3.6707.1.22%
20.10.2017,3.6714,3.6454,3.6840,3.6438.0.71%
19.10.2017,3.6456,3.6791,3.6814,3.6423.-0.85%
18.10.2017,3.6768,3.6665,3.6880,3.6602.0.29%
17.10.2017,3.6663,3.6477,3.6919,3.6440.0.55%
16.10.2017,3.6463,3.6303,3.6526,3.6279.0.31%
13.10.2017,3.6349,3.6543,3.6637,3.6215.-0.52%
12.10.2017,3.6540,3.6500,3.6721,3.6280.0.15%
11.10.2017,3.6484,3.7090,3.7131,3.6425.-1.70%
10.10.2017,3.7114,3.7006,3.7129,3.6585.0.28%
09.10.2017,3.7011,3.6157,3.7704,3.6157.2.38%
06.10.2017,3.6149,3.5831,3.6380,3.5782.0.87%
05.10.2017,3.5836,3.5718,3.5891,3.5618.0.32%
04.10.2017,3.5723,3.5714,3.5800,3.5575.0.01%
03.10.2017,3.5718,3.5645,3.5960,3.5631.0.23%
02.10.2017,3.5635,3.5654,3.5882,3.5620.-0.01%
29.09.2017,3.5637,3.5580,3.5671,3.5369.0.10%
28.09.2017,3.5603,3.5789,3.5990,3.5550.-0.48%
27.09.2017,3.5774,3.5375,3.5870,3.5355.0.99%
26.09.2017,3.5424,3.5499,3.5586,3.5225.-0.20%
25.09.2017,3.5494,3.4920,3.5530,3.4920.1.52%
22.09.2017,3.4962,3.5029,3.5090,3.4775.-0.17%
21.09.2017,3.5023,3.5035,3.5210,3.4935.-0.02%
20.09.2017,3.5030,3.4896,3.5198,3.4644.0.41%
19.09.2017,3.4887,3.4899,3.5074,3.4767.-0.02%
18.09.2017,3.4895,3.4398,3.5008,3.4289.1.51%
15.09.2017,3.4376,3.4326,3.4447,3.4189.0.13%
14.09.2017,3.4331,3.4578,3.4780,3.4285.-0.72%
13.09.2017,3.4579,3.4325,3.4629,3.4215.0.72%
12.09.2017,3.4331,3.4059,3.4450,3.4012.0.80%
11.09.2017,3.4060,3.4117,3.4150,3.3845.-0.17%
08.09.2017,3.4117,3.4038,3.4226,3.3944.0.21%
07.09.2017,3.4045,3.4273,3.4356,3.4011.-0.62%
06.09.2017,3.4257,3.4340,3.4505,3.4195.-0.34%
05.09.2017,3.4375,3.4342,3.4535,3.4224.0.08%
04.09.2017,3.4348,3.4263,3.4411,3.4206.0.19%
01.09.2017,3.4284,3.4500,3.4546,3.4132.-0.70%
31.08.2017,3.4527,3.4517,3.4733,3.4422.0.03%
30.08.2017,3.4517,3.4459,3.4639,3.4369.0.15%
29.08.2017,3.4465,3.4439,3.4590,3.4310.0.07%
28.08.2017,3.4441,3.4381,3.4540,3.4340.0.15%
25.08.2017,3.4389,3.4837,3.4914,3.4331.-1.29%
24.08.2017,3.4838,3.4756,3.4876,3.4726.0.15%
23.08.2017,3.4787,3.4935,3.5044,3.4748.-0.45%
22.08.2017,3.4944,3.4955,3.5060,3.4880.-0.07%
21.08.2017,3.4970,3.5136,3.5259,3.4899.-0.61%
18.08.2017,3.5185,3.5251,3.5327,3.5080.-0.20%
17.08.2017,3.5254,3.5159,3.5299,3.5103.0.28%
16.08.2017,3.5156,3.5369,3.5417,3.5141.-0.55%
15.08.2017,3.5352,3.5250,3.5489,3.5166.0.27%
14.08.2017,3.5257,3.5396,3.5397,3.5174.-0.32%
11.08.2017,3.5369,3.5417,3.5596,3.5296.-0.14%
10.08.2017,3.5418,3.5373,3.5453,3.5242.0.12%
09.08.2017,3.5376,3.5330,3.5499,3.5267.0.11%
08.08.2017,3.5338,3.5288,3.5353,3.5232.0.13%
07.08.2017,3.5291,3.5281,3.5381,3.5200.0.03%
04.08.2017,3.5280,3.5391,3.5440,3.5231.-0.33%
03.08.2017,3.5396,3.5330,3.5488,3.5280.0.26%
02.08.2017,3.5305,3.5281,3.5430,3.5225.0.10%
01.08.2017,3.5271,3.5198,3.5322,3.5080.0.22%
31.07.2017,3.5193,3.5291,3.5380,3.5140.-0.24%
28.07.2017,3.5279,3.5351,3.5416,3.5224.-0.24%
27.07.2017,3.5363,3.5368,3.5440,3.5160.-0.06%
26.07.2017,3.5385,3.5734,3.5787,3.5325.-0.95%
25.07.2017,3.5724,3.5566,3.5768,3.5470.0.44%
24.07.2017,3.5567,3.5369,3.5715,3.5236.0.57%
21.07.2017,3.5364,3.5263,3.5434,3.5187.0.28%
20.07.2017,3.5264,3.5220,3.5453,3.5175.0.12%
19.07.2017,3.5220,3.5223,3.5405,3.5090.-0.03%
18.07.2017,3.5231,3.5281,3.5382,3.5181.-0.15%
17.07.2017,3.5284,3.5379,3.5525,3.5220.-0.27%
14.07.2017,3.5381,3.5650,3.5720,3.5249.-0.77%
13.07.2017,3.5657,3.5663,3.5779,3.5569.-0.04%
12.07.2017,3.5672,3.6133,3.6234,3.5632.-1.29%
11.07.2017,3.6139,3.6088,3.6452,3.6042.0.16%
10.07.2017,3.6083,3.6166,3.6248,3.5985.-0.27%
07.07.2017,3.6182,3.6189,3.6474,3.6079.-0.08%
06.07.2017,3.6212,3.6069,3.6416,3.6008.0.42%
05.07.2017,3.6062,3.5589,3.6173,3.5480.1.31%
04.07.2017,3.5594,3.5566,3.5700,3.5430.0.06%
03.07.2017,3.5571,3.5206,3.5673,3.5110.1.02%
30.06.2017,3.5212,3.5255,3.5340,3.5047.-0.15%
29.06.2017,3.5265,3.5137,3.5395,3.4980.0.39%
28.06.2017,3.5128,3.5261,3.5390,3.5084.-0.38%
27.06.2017,3.5263,3.5011,3.5278,3.4903.0.73%
26.06.2017,3.5008,3.5089,3.5125,3.4897.-0.23%
23.06.2017,3.5088,3.5084,3.5161,3.4957.0.03%
22.06.2017,3.5077,3.5306,3.5329,3.5020.-0.66%
21.06.2017,3.5310,3.5410,3.5492,3.5200.-0.38%
20.06.2017,3.5444,3.5225,3.5514,3.5101.0.61%
19.06.2017,3.5228,3.5025,3.5259,3.4835.0.57%
16.06.2017,3.5027,3.5125,3.5327,3.4940.-0.29%
15.06.2017,3.5130,3.4876,3.5256,3.4811.0.72%
14.06.2017,3.4878,3.5188,3.5238,3.4733.-0.91%
13.06.2017,3.5198,3.5168,3.5343,3.5065.0.10%
12.06.2017,3.5164,3.5368,3.5407,3.5085.-0.59%
09.06.2017,3.5373,3.5236,3.5443,3.5150.0.37%
08.06.2017,3.5244,3.5465,3.5570,3.5180.-0.73%
07.06.2017,3.5503,3.5152,3.5587,3.5060.1.00%
06.06.2017,3.5151,3.5232,3.5438,3.5105.-0.24%
05.06.2017,3.5237,3.5083,3.5340,3.4935.0.40%
02.06.2017,3.5098,3.5246,3.5395,3.5017.-0.42%
01.06.2017,3.5246,3.5278,3.5446,3.5210.-0.07%
31.05.2017,3.5270,3.5495,3.5600,3.5240.-0.62%
30.05.2017,3.5491,3.5726,3.5890,3.5387.-0.79%
29.05.2017,3.5772,3.5804,3.5865,3.5726.-0.01%
26.05.2017,3.5777,3.5663,3.5857,3.5595.0.31%
25.05.2017,3.5667,3.5603,3.5760,3.5450.0.18%
24.05.2017,3.5604,3.5694,3.5802,3.5540.-0.28%
23.05.2017,3.5704,3.5603,3.5802,3.5535.0.31%
22.05.2017,3.5593,3.5764,3.5945,3.5482.-0.45%
19.05.2017,3.5753,3.6236,3.6324,3.5647.-1.37%
18.05.2017,3.6251,3.5688,3.6423,3.5666.1.60%
17.05.2017,3.5681,3.5391,3.5727,3.5363.0.82%
16.05.2017,3.5392,3.5472,3.5638,3.5340.-0.26%
15.05.2017,3.5483,3.5712,3.5747,3.5458.-0.69%
12.05.2017,3.5731,3.5753,3.5993,3.5630.-0.08%
11.05.2017,3.5758,3.5863,3.5930,3.5640.-0.32%
10.05.2017,3.5874,3.6238,3.6287,3.5790.-1.01%
09.05.2017,3.6239,3.5852,3.6261,3.5796.1.08%
08.05.2017,3.5851,3.5364,3.5960,3.5270.1.16%
05.05.2017,3.5441,3.5535,3.5782,3.5402.-0.28%
04.05.2017,3.5540,3.5356,3.5692,3.5258.0.54%
03.05.2017,3.5349,3.5268,3.5411,3.5176.0.22%
02.05.2017,3.5273,3.5544,3.5565,3.5173.-0.77%
01.05.2017,3.5545,3.5516,3.5585,3.5465.0.08%
28.04.2017,3.5516,3.5607,3.5728,3.5350.-0.27%
27.04.2017,3.5612,3.5776,3.5789,3.5540.-0.48%
26.04.2017,3.5783,3.5792,3.5991,3.5595.-0.04%
25.04.2017,3.5797,3.5717,3.6047,3.5690.0.19%
24.04.2017,3.5730,3.6411,3.6411,3.5702.-1.84%
21.04.2017,3.6401,3.6407,3.6556,3.6290.-0.04%
20.04.2017,3.6415,3.6732,3.6776,3.6262.-0.86%
19.04.2017,3.6730,3.6609,3.6852,3.6529.0.33%
18.04.2017,3.6608,3.7024,3.7142,3.6530.-1.09%
17.04.2017,3.7011,3.6330,3.7172,3.6270.-0.85%
14.04.2017,3.7327,3.6641,3.7376,3.6597.1.89%
13.04.2017,3.6633,3.6474,3.6790,3.6397.0.39%
12.04.2017,3.6492,3.6971,3.7043,3.6458.-1.30%
11.04.2017,3.6972,3.7289,3.7333,3.6949.-0.86%
10.04.2017,3.7294,3.7330,3.7378,3.7128.-0.01%
07.04.2017,3.7299,3.7111,3.7447,3.7054.0.51%
06.04.2017,3.7111,3.6990,3.7293,3.6938.0.32%
05.04.2017,3.6991,3.6797,3.7121,3.6668.0.55%
04.04.2017,3.6790,3.6456,3.6905,3.6367.0.94%
03.04.2017,3.6449,3.6347,3.6510,3.6210.0.27%
31.03.2017,3.6352,3.6515,3.6578,3.6240.-0.46%
30.03.2017,3.6520,3.6454,3.6546,3.6240.0.17%
29.03.2017,3.6459,3.6586,3.6623,3.6373.-0.34%
28.03.2017,3.6582,3.6173,3.6643,3.6063.1.15%
27.03.2017,3.6166,3.6072,3.6254,3.5847.0.16%
24.03.2017,3.6108,3.6343,3.6387,3.5969.-0.66%
23.03.2017,3.6348,3.6184,3.6410,3.6050.0.45%
22.03.2017,3.6184,3.6320,3.6447,3.6040.-0.40%
21.03.2017,3.6329,3.6161,3.6388,3.5870.0.47%
20.03.2017,3.6160,3.6344,3.6389,3.6140.-0.51%
17.03.2017,3.6344,3.6264,3.6458,3.5980.0.24%
16.03.2017,3.6256,3.6769,3.6942,3.6115.-1.35%
15.03.2017,3.6754,3.7426,3.7484,3.6714.-1.80%
14.03.2017,3.7426,3.7418,3.7624,3.7378.0.02%
13.03.2017,3.7418,3.7300,3.7541,3.7300.0.32%
10.03.2017,3.7299,3.7747,3.7787,3.7225.-1.19%
09.03.2017,3.7747,3.7462,3.7861,3.7360.0.75%
08.03.2017,3.7467,3.6806,3.7496,3.6690.1.79%
07.03.2017,3.6807,3.7142,3.7193,3.6712.-0.88%
06.03.2017,3.7132,3.7045,3.7300,3.7033.0.28%
03.03.2017,3.7029,3.7281,3.7471,3.7016.-0.67%
02.03.2017,3.7280,3.6555,3.7362,3.6485.2.02%
01.03.2017,3.6543,3.6467,3.6791,3.6257.0.19%
28.02.2017,3.6472,3.6075,3.6495,3.5960.1.11%
27.02.2017,3.6072,3.6076,3.6103,3.5797.0.01%
24.02.2017,3.6070,3.5695,3.6094,3.5625.1.06%
23.02.2017,3.5691,3.5806,3.5904,3.5562.-0.31%
22.02.2017,3.5802,3.6197,3.6270,3.5777.-1.11%
21.02.2017,3.6203,3.6245,3.6360,3.6130.-0.12%
20.02.2017,3.6245,3.6304,3.6380,3.6113.-0.12%
17.02.2017,3.6290,3.6675,3.6823,3.6255.-1.03%
16.02.2017,3.6666,3.6591,3.6882,3.6491.0.18%
15.02.2017,3.6601,3.6498,3.7027,3.6370.0.27%
14.02.2017,3.6503,3.6712,3.6812,3.6379.-0.58%
13.02.2017,3.6717,3.6943,3.7003,3.6625.-0.64%
10.02.2017,3.6953,3.6826,3.7113,3.6615.0.33%
09.02.2017,3.6831,3.7191,3.7246,3.6745.-0.93%
08.02.2017,3.7178,3.7458,3.7607,3.6966.-0.73%
07.02.2017,3.7451,3.6837,3.7506,3.6773.1.66%
06.02.2017,3.6839,3.6983,3.7075,3.6622.-0.37%
03.02.2017,3.6976,3.7366,3.7576,3.6869.-1.06%
02.02.2017,3.7371,3.7700,3.7747,3.7181.-0.89%
01.02.2017,3.7705,3.7727,3.7952,3.7580.-0.08%
31.01.2017,3.7734,3.7814,3.8048,3.7668.-0.22%
30.01.2017,3.7818,3.8675,3.8798,3.7712.-2.47%
27.01.2017,3.8775,3.8515,3.9107,3.8490.0.87%
26.01.2017,3.8440,3.8345,3.8729,3.8075.0.33%
25.01.2017,3.8313,3.7846,3.8583,3.7800.1.27%
24.01.2017,3.7833,3.7570,3.8275,3.7359.0.69%
23.01.2017,3.7573,3.7663,3.7877,3.7517.-0.22%
20.01.2017,3.7655,3.8279,3.8361,3.7640.-1.61%
19.01.2017,3.8273,3.7961,3.8430,3.7860.0.81%
18.01.2017,3.7966,3.7605,3.7989,3.7555.0.95%
17.01.2017,3.7610,3.8045,3.8168,3.7560.-1.14%
16.01.2017,3.8042,3.7261,3.8175,3.7248.2.18%
13.01.2017,3.7230,3.7602,3.8285,3.7181.-0.98%
12.01.2017,3.7597,3.8634,3.9296,3.7476.-2.72%
11.01.2017,3.8647,3.7910,3.9423,3.7881.2.01%
10.01.2017,3.7885,3.7139,3.8003,3.7078.2.04%
09.01.2017,3.7129,3.6446,3.7440,3.6380.1.88%
06.01.2017,3.6445,3.5915,3.6498,3.5915.1.44%
05.01.2017,3.5927,3.5720,3.6400,3.5549.0.60%
04.01.2017,3.5713,3.5939,3.5942,3.5670.-0.64%
03.01.2017,3.5943,3.5450,3.6052,3.5332.1.40%
02.01.2017,3.5445,3.5253,3.5460,3.5253.0.48%
30.12.2016,3.5277,3.5224,3.5325,3.5095.0.13%
29.12.2016,3.5230,3.5395,3.5441,3.5145.-0.48%
28.12.2016,3.5400,3.5220,3.5505,3.5170.0.53%
27.12.2016,3.5214,3.5123,3.5273,3.5010.0.27%
26.12.2016,3.5118,3.5180,3.5209,3.5046.-0.15%
23.12.2016,3.5169,3.5121,3.5189,3.4975.0.16%
22.12.2016,3.5114,3.5091,3.5191,3.4981.0.07%
21.12.2016,3.5089,3.5270,3.5341,3.5040.-0.53%
20.12.2016,3.5275,3.5338,3.5425,3.5005.-0.16%
19.12.2016,3.5331,3.5067,3.5370,3.4870.0.75%
16.12.2016,3.5068,3.5114,3.5207,3.4820.-0.15%
15.12.2016,3.5119,3.5323,3.5438,3.4990.-0.58%
14.12.2016,3.5323,3.4906,3.5402,3.4545.1.21%
13.12.2016,3.4899,3.4688,3.5055,3.4514.0.61%
12.12.2016,3.4688,3.4816,3.5495,3.4654.-0.52%
09.12.2016,3.4869,3.4422,3.5058,3.4185.1.26%
08.12.2016,3.4434,3.3893,3.4971,3.3384.1.57%
07.12.2016,3.3902,3.4470,3.4600,3.3803.-1.61%
06.12.2016,3.4456,3.5226,3.5415,3.4312.-2.20%
05.12.2016,3.5231,3.5200,3.5626,3.5149.0.12%
02.12.2016,3.5190,3.5042,3.5860,3.4822.0.44%
01.12.2016,3.5037,3.4365,3.5064,3.4255.1.94%
30.11.2016,3.4370,3.4083,3.4421,3.4045.0.83%
29.11.2016,3.4088,3.4143,3.4350,3.4045.-0.18%
28.11.2016,3.4148,3.4515,3.4579,3.4071.-0.93%
25.11.2016,3.4468,3.4457,3.4764,3.4341.0.04%
24.11.2016,3.4455,3.3967,3.4546,3.3697.1.51%
23.11.2016,3.3941,3.3854,3.4181,3.3681.0.29%
22.11.2016,3.3844,3.3616,3.3943,3.3500.0.68%
21.11.2016,3.3616,3.3735,3.3960,3.3500.-0.41%
18.11.2016,3.3753,3.3701,3.4088,3.3540.0.14%
17.11.2016,3.3706,3.3238,3.3782,3.3080.1.42%
16.11.2016,3.3234,3.2916,3.3298,3.2835.1.00%
15.11.2016,3.2906,3.2900,3.2985,3.2630.0.02%
14.11.2016,3.2900,3.2510,3.2995,3.2440.1.16%
11.11.2016,3.2522,3.2510,3.2795,3.2340.0.04%
10.11.2016,3.2509,3.2094,3.2635,3.1928.1.28%
09.11.2016,3.2099,3.1550,3.2905,3.1540.1.74%
08.11.2016,3.1550,3.1680,3.1859,3.1515.-0.41%
07.11.2016,3.1681,3.1568,3.1806,3.1420.0.35%
04.11.2016,3.1569,3.1101,3.1755,3.1091.1.50%
03.11.2016,3.1101,3.1150,3.1242,3.1038.-0.12%
02.11.2016,3.1138,3.1123,3.1265,3.1080.0.07%
01.11.2016,3.1116,3.0938,3.1229,3.0909.0.57%
31.10.2016,3.0939,3.1033,3.1172,3.0913.-0.42%
28.10.2016,3.1069,3.1138,3.1283,3.1030.-0.22%
27.10.2016,3.1138,3.0808,3.1152,3.0796.1.05%
26.10.2016,3.0813,3.0711,3.0910,3.0680.0.33%
25.10.2016,3.0711,3.0745,3.0913,3.0685.-0.16%
24.10.2016,3.0760,3.0839,3.0895,3.0685.-0.18%
21.10.2016,3.0814,3.0602,3.0905,3.0537.0.70%
20.10.2016,3.0601,3.0605,3.0767,3.0510.-0.05%
19.10.2016,3.0616,3.0941,3.0981,3.0535.-1.09%
18.10.2016,3.0953,3.0963,3.1145,3.0870.-0.02%
17.10.2016,3.0960,3.0855,3.1130,3.0855.0.18%
14.10.2016,3.0905,3.0873,3.0997,3.0699.0.15%
13.10.2016,3.0858,3.0848,3.1140,3.0785.0.02%
12.10.2016,3.0853,3.0835,3.0981,3.0704.0.04%
11.10.2016,3.0840,3.0713,3.0896,3.0665.0.40%
10.10.2016,3.0718,3.0498,3.0786,3.0415.0.68%
07.10.2016,3.0510,3.0398,3.0644,3.0330.0.37%
06.10.2016,3.0397,3.0516,3.0610,3.0380.-0.39%
05.10.2016,3.0516,3.0598,3.0664,3.0479.-0.20%
04.10.2016,3.0578,3.0193,3.0663,3.0173.1.29%
03.10.2016,3.0188,3.0020,3.0280,2.9979.0.65%
30.09.2016,2.9992,2.9998,3.0128,2.9945.-0.02%
29.09.2016,2.9997,2.9799,3.0106,2.9766.0.67%
28.09.2016,2.9798,2.9741,2.9898,2.9705.0.17%
27.09.2016,2.9746,2.9805,2.9860,2.9638.-0.21%
26.09.2016,2.9810,2.9917,2.9991,2.9720.0.47%
23.09.2016,2.9672,2.9425,2.9683,2.9406.0.79%
22.09.2016,2.9440,2.9556,2.9585,2.9378.-0.38%
21.09.2016,2.9551,2.9779,2.9886,2.9493.-0.77%
20.09.2016,2.9781,2.9762,2.9823,2.9703.0.03%
19.09.2016,2.9771,2.9836,2.9851,2.9701.-0.13%
16.09.2016,2.9809,2.9682,2.9860,2.9610.0.41%
15.09.2016,2.9687,2.9798,2.9890,2.9625.-0.36%
14.09.2016,2.9794,2.9841,2.9882,2.9725.-0.17%
13.09.2016,2.9846,2.9677,2.9897,2.9615.0.58%
12.09.2016,2.9675,2.9693,2.9939,2.9615.0.15%
09.09.2016,2.9630,2.9528,2.9797,2.9470.0.40%
08.09.2016,2.9512,2.9363,2.9570,2.9289.0.50%
07.09.2016,2.9364,2.9225,2.9440,2.9185.0.48%
06.09.2016,2.9224,2.9457,2.9485,2.9196.-0.79%
05.09.2016,2.9457,2.9491,2.9521,2.9401.-0.18%
02.09.2016,2.9509,2.9611,2.9669,2.9411.-0.35%
01.09.2016,2.9612,2.9580,2.9730,2.9536.0.11%
31.08.2016,2.9580,2.9630,2.9669,2.9520.-0.17%
30.08.2016,2.9631,2.9502,2.9679,2.9485.0.42%
29.08.2016,2.9507,2.9569,2.9613,2.9475.-0.10%
26.08.2016,2.9538,2.9339,2.9597,2.9220.0.66%
25.08.2016,2.9344,2.9518,2.9545,2.9309.-0.59%
24.08.2016,2.9517,2.9520,2.9691,2.9440.0.02%
23.08.2016,2.9510,2.9429,2.9561,2.9295.0.31%
22.08.2016,2.9419,2.9301,2.9518,2.9276.0.43%
19.08.2016,2.9293,2.9267,2.9453,2.9240.0.07%
18.08.2016,2.9273,2.9217,2.9360,2.9128.0.17%
17.08.2016,2.9222,2.9290,2.9410,2.9173.-0.25%
16.08.2016,2.9295,2.9402,2.9439,2.9141.-0.38%
15.08.2016,2.9407,2.9572,2.9617,2.9387.-0.63%
12.08.2016,2.9594,2.9573,2.9649,2.9425.0.07%
11.08.2016,2.9573,2.9571,2.9710,2.9503.-0.01%
10.08.2016,2.9576,2.9679,2.9707,2.9441.-0.36%
09.08.2016,2.9682,2.9823,2.9891,2.9661.-0.55%
08.08.2016,2.9845,3.0018,3.0055,2.9796.-0.47%
05.08.2016,2.9987,3.0106,3.0206,2.9950.-0.41%
04.08.2016,3.0111,3.0133,3.0285,3.0065.-0.09%
03.08.2016,3.0139,2.9926,3.0231,2.9909.0.75%
02.08.2016,2.9915,2.9911,3.0036,2.9810.0.04%
01.08.2016,2.9904,2.9936,2.9984,2.9708.0.07%
29.07.2016,2.9883,3.0124,3.0259,2.9845.-0.81%
28.07.2016,3.0126,3.0182,3.0252,3.0070.-0.20%
27.07.2016,3.0187,3.0453,3.0495,3.0145.-0.87%
26.07.2016,3.0453,3.0380,3.0526,3.0170.0.28%
25.07.2016,3.0369,3.0655,3.0755,3.0200.-0.92%
22.07.2016,3.0650,3.0716,3.0819,3.0403.-0.18%
21.07.2016,3.0706,3.0894,3.0943,3.0490.-0.62%
20.07.2016,3.0899,3.0435,3.0965,3.0100.1.47%
19.07.2016,3.0450,2.9800,3.0630,2.9675.2.26%
18.07.2016,2.9777,3.0199,3.0199,2.9235.-1.39%
15.07.2016,3.0198,2.8774,3.0486,2.8765.4.92%
14.07.2016,2.8782,2.8990,2.9050,2.8761.-0.74%
13.07.2016,2.8998,2.8855,2.9089,2.8849.0.44%
12.07.2016,2.8870,2.9045,2.9065,2.8815.-0.60%
11.07.2016,2.9045,2.8914,2.9080,2.8870.0.46%
08.07.2016,2.8913,2.9378,2.9410,2.8862.-1.55%
07.07.2016,2.9367,2.9371,2.9431,2.9225.-0.01%
06.07.2016,2.9371,2.9297,2.9560,2.9235.0.27%
05.07.2016,2.9293,2.9068,2.9354,2.9015.0.78%
04.07.2016,2.9066,2.9029,2.9093,2.8805.0.16%
01.07.2016,2.9019,2.8766,2.9042,2.8697.0.84%
30.06.2016,2.8777,2.8918,2.9064,2.8689.-0.40%
29.06.2016,2.8892,2.9038,2.9105,2.8833.-0.52%
28.06.2016,2.9043,2.9390,2.9415,2.8873.-1.25%
27.06.2016,2.9410,2.9285,2.9538,2.9218.0.40%
24.06.2016,2.9293,2.8523,3.0057,2.8403.2.61%
23.06.2016,2.8548,2.8956,2.8986,2.8527.-1.34%
22.06.2016,2.8936,2.9106,2.9190,2.8901.-0.55%
21.06.2016,2.9097,2.9061,2.9160,2.8920.0.12%
20.06.2016,2.9062,2.9316,2.9316,2.8960.-0.71%
17.06.2016,2.9271,2.9324,2.9381,2.9242.-0.13%
16.06.2016,2.9310,2.9250,2.9600,2.9210.0.21%
15.06.2016,2.9250,2.9370,2.9405,2.9160.-0.34%
14.06.2016,2.9350,2.9198,2.9420,2.9132.0.53%
13.06.2016,2.9196,2.9293,2.9350,2.9085.-0.32%
10.06.2016,2.9291,2.8922,2.9398,2.8922.1.29%
09.06.2016,2.8919,2.8914,2.9026,2.8858.-0.04%
08.06.2016,2.8931,2.8966,2.9013,2.8790.-0.14%
07.06.2016,2.8971,2.9044,2.9125,2.8915.-0.23%
06.06.2016,2.9039,2.9112,2.9172,2.9023.0.04%
03.06.2016,2.9028,2.9488,2.9538,2.9009.-1.56%
02.06.2016,2.9488,2.9421,2.9546,2.9336.0.23%
01.06.2016,2.9419,2.9499,2.9585,2.9324.-0.26%
31.05.2016,2.9495,2.9550,2.9604,2.9425.-0.22%
30.05.2016,2.9560,2.9575,2.9700,2.9477.-0.05%
27.05.2016,2.9575,2.9341,2.9639,2.9330.0.78%
26.05.2016,2.9346,2.9373,2.9480,2.9240.-0.07%
25.05.2016,2.9368,2.9435,2.9550,2.9290.-0.26%
24.05.2016,2.9445,2.9962,3.0145,2.9405.-1.69%
23.05.2016,2.9952,2.9770,2.9985,2.9729.0.64%
20.05.2016,2.9762,2.9850,2.9915,2.9670.-0.36%
19.05.2016,2.9870,2.9905,3.0040,2.9820.-0.11%
18.05.2016,2.9902,2.9631,2.9942,2.9600.0.89%
17.05.2016,2.9637,2.9762,2.9774,2.9570.-0.44%
16.05.2016,2.9767,2.9670,2.9878,2.9588.0.22%
13.05.2016,2.9702,2.9605,2.9755,2.9510.0.27%
12.05.2016,2.9623,2.9545,2.9670,2.9398.0.33%
11.05.2016,2.9527,2.9502,2.9760,2.9400.0.04%
10.05.2016,2.9516,2.9440,2.9581,2.9291.0.23%
09.05.2016,2.9449,2.9276,2.9503,2.9110.0.60%
06.05.2016,2.9273,2.9226,2.9436,2.9080.0.11%
05.05.2016,2.9242,2.9623,2.9623,2.8937.-1.29%
04.05.2016,2.9625,2.8508,2.9788,2.8438.3.98%
03.05.2016,2.8491,2.8047,2.8518,2.7885.1.58%
02.05.2016,2.8049,2.7954,2.8077,2.7879.0.34%
29.04.2016,2.7955,2.8125,2.8150,2.7880.-0.62%
28.04.2016,2.8129,2.8174,2.8349,2.8020.-0.21%
27.04.2016,2.8189,2.8193,2.8405,2.8120.-0.07%
26.04.2016,2.8208,2.8430,2.8491,2.8130.-0.82%
25.04.2016,2.8440,2.8434,2.8535,2.8390.-0.17%
22.04.2016,2.8489,2.8307,2.8540,2.8215.0.56%
21.04.2016,2.8331,2.8135,2.8363,2.8070.0.68%
20.04.2016,2.8140,2.8297,2.8420,2.8040.-0.61%
19.04.2016,2.8312,2.8383,2.8430,2.8210.-0.30%
18.04.2016,2.8398,2.8515,2.8661,2.8340.-0.51%
15.04.2016,2.8545,2.8489,2.8635,2.8459.0.16%
14.04.2016,2.8499,2.8452,2.8720,2.8410.0.11%
13.04.2016,2.8467,2.8339,2.8590,2.8300.0.40%
12.04.2016,2.8354,2.8316,2.8490,2.8170.0.08%
11.04.2016,2.8331,2.8471,2.8541,2.8160.-0.56%
08.04.2016,2.8491,2.8603,2.8716,2.8410.-0.44%
07.04.2016,2.8618,2.8397,2.8650,2.8235.0.75%
06.04.2016,2.8406,2.8309,2.8590,2.8210.0.29%
05.04.2016,2.8324,2.8110,2.8380,2.8070.0.70%
04.04.2016,2.8128,2.8220,2.8291,2.8020.-0.33%
01.04.2016,2.8221,2.8155,2.8370,2.8118.0.18%
31.03.2016,2.8170,2.8344,2.8425,2.8110.-0.67%
30.03.2016,2.8359,2.8363,2.8490,2.8220.-0.06%
29.03.2016,2.8377,2.8673,2.8770,2.8330.-1.08%
28.03.2016,2.8688,2.8709,2.8800,2.8630.-0.26%
25.03.2016,2.8763,2.8713,2.8830,2.8645.0.14%
24.03.2016,2.8724,2.8749,2.8910,2.8687.-0.18%
23.03.2016,2.8775,2.8647,2.8829,2.8610.0.37%
22.03.2016,2.8668,2.8607,2.8851,2.8545.0.29%
21.03.2016,2.8585,2.8611,2.8815,2.8525.-0.32%
18.03.2016,2.8676,2.8388,2.8694,2.8370.0.91%
17.03.2016,2.8417,2.8669,2.8740,2.8370.-0.93%
16.03.2016,2.8684,2.8971,2.9310,2.8620.-1.04%
15.03.2016,2.8986,2.8696,2.9120,2.8650.0.98%
14.03.2016,2.8704,2.8675,2.8880,2.8610.0.12%
11.03.2016,2.8670,2.8900,2.8980,2.8621.-0.85%
10.03.2016,2.8915,2.8913,2.9100,2.8715.0.03%
09.03.2016,2.8907,2.9135,2.9212,2.8840.-0.81%
08.03.2016,2.9144,2.9136,2.9306,2.9051.-0.05%
07.03.2016,2.9160,2.9073,2.9326,2.9023.0.27%
04.03.2016,2.9082,2.9070,2.9278,2.8990.-0.02%
03.03.2016,2.9088,2.9239,2.9347,2.9040.-0.56%
02.03.2016,2.9253,2.9354,2.9481,2.9220.-0.37%
01.03.2016,2.9361,2.9630,2.9682,2.9275.-0.99%
29.02.2016,2.9654,2.9953,2.9963,2.9510.-0.91%
26.02.2016,2.9925,2.9270,3.0015,2.9175.2.20%
25.02.2016,2.9280,2.9348,2.9428,2.9160.-0.28%
24.02.2016,2.9363,2.9427,2.9550,2.9310.-0.25%
23.02.2016,2.9437,2.9358,2.9470,2.9260.0.24%
22.02.2016,2.9367,2.9522,2.9577,2.9290.-0.50%
19.02.2016,2.9516,2.9676,2.9758,2.9470.-0.64%
18.02.2016,2.9705,2.9553,2.9752,2.9470.0.49%
17.02.2016,2.9561,2.9744,2.9843,2.9400.-0.72%
16.02.2016,2.9774,2.9446,2.9818,2.9400.1.06%
15.02.2016,2.9461,2.9293,2.9560,2.9237.0.57%
12.02.2016,2.9295,2.9280,2.9398,2.9150.-0.05%
11.02.2016,2.9310,2.9203,2.9470,2.9140.0.31%
10.02.2016,2.9218,2.9395,2.9427,2.9140.-0.64%
09.02.2016,2.9407,2.9466,2.9631,2.9260.-0.22%
08.02.2016,2.9473,2.9175,2.9550,2.9110.0.82%
05.02.2016,2.9232,2.9108,2.9268,2.8890.0.39%
04.02.2016,2.9118,2.9149,2.9270,2.8853.-0.16%
03.02.2016,2.9164,2.9511,2.9646,2.9060.-1.20%
02.02.2016,2.9519,2.9449,2.9610,2.9420.0.21%
01.02.2016,2.9456,2.9551,2.9780,2.9400.-0.33%
29.01.2016,2.9553,2.9684,2.9780,2.9500.-0.47%
28.01.2016,2.9693,3.0004,3.0030,2.9640.-1.07%
27.01.2016,3.0014,3.0073,3.0190,2.9840.-0.25%
26.01.2016,3.0088,3.0199,3.0356,3.0010.-0.42%
25.01.2016,3.0214,2.9995,3.0245,2.9969.0.59%
22.01.2016,3.0038,3.0111,3.0238,2.9975.-0.29%
21.01.2016,3.0126,3.0413,3.0541,3.0091.-0.97%
20.01.2016,3.0422,3.0390,3.0630,3.0339.0.07%
19.01.2016,3.0402,3.0335,3.0467,3.0160.0.12%
18.01.2016,3.0365,3.0469,3.0533,3.0270.-0.39%
15.01.2016,3.0484,3.0210,3.0549,3.0197.0.82%
14.01.2016,3.0235,3.0240,3.0435,3.0140.-0.17%
13.01.2016,3.0285,3.0315,3.0365,3.0020.-0.15%
12.01.2016,3.0332,3.0362,3.0490,3.0200.-0.15%
11.01.2016,3.0377,3.0197,3.0437,3.0080.0.54%
08.01.2016,3.0214,2.9981,3.0231,2.9800.0.74%
07.01.2016,2.9993,2.9997,3.0290,2.9840.-0.10%
06.01.2016,3.0024,2.9839,3.0160,2.9810.0.58%
05.01.2016,2.9852,2.9634,2.9918,2.9530.0.71%
04.01.2016,2.9642,2.9175,2.9810,2.9127.1.73%
01.01.2016,2.9139,2.9167,2.9201,2.9119.-0.13%
31.12.2015,2.9177,2.9150,2.9311,2.9020.-0.03%
30.12.2015,2.9186,2.9048,2.9331,2.9020.0.42%
29.12.2015,2.9063,2.9050,2.9155,2.9000.0.00%
28.12.2015,2.9062,2.9178,2.9259,2.9023.-0.57%
25.12.2015,2.9230,2.9170,2.9255,2.9080.0.15%
24.12.2015,2.9185,2.9154,2.9272,2.9110.0.05%
23.12.2015,2.9169,2.9277,2.9390,2.9143.-0.47%
22.12.2015,2.9308,2.9130,2.9520,2.9047.0.56%
21.12.2015,2.9145,2.9069,2.9235,2.9010.0.20%
18.12.2015,2.9087,2.9293,2.9388,2.9010.-0.70%
17.12.2015,2.9292,2.9336,2.9510,2.9140.-0.20%
16.12.2015,2.9352,2.9625,2.9757,2.9185.-0.97%
15.12.2015,2.9640,2.9785,2.9915,2.9470.-0.52%
14.12.2015,2.9796,2.9731,2.9985,2.9430.-0.07%
11.12.2015,2.9817,2.9224,2.9899,2.9140.1.99%
10.12.2015,2.9235,2.9151,2.9296,2.9000.0.24%
09.12.2015,2.9165,2.9088,2.9295,2.8990.0.22%
08.12.2015,2.9100,2.9122,2.9258,2.9000.-0.12%
07.12.2015,2.9135,2.8927,2.9180,2.8750.0.64%
04.12.2015,2.8950,2.8840,2.9171,2.8730.0.36%
03.12.2015,2.8846,2.8885,2.8980,2.8670.-0.16%
02.12.2015,2.8893,2.8897,2.9010,2.8690.-0.05%
01.12.2015,2.8907,2.9126,2.9146,2.8750.-0.77%
30.11.2015,2.9131,2.9201,2.9365,2.8940.-0.39%
27.11.2015,2.9245,2.9203,2.9353,2.9065.0.12%
26.11.2015,2.9211,2.8876,2.9275,2.8825.1.13%
25.11.2015,2.8884,2.8764,2.8941,2.8710.0.39%
24.11.2015,2.8773,2.8496,2.8850,2.8400.0.93%
23.11.2015,2.8508,2.8277,2.8538,2.8243.0.67%
20.11.2015,2.8317,2.8417,2.8497,2.8120.-0.39%
19.11.2015,2.8427,2.8604,2.8709,2.8360.-0.67%
18.11.2015,2.8619,2.8676,2.8764,2.8520.-0.25%
17.11.2015,2.8691,2.8819,2.8902,2.8570.-0.50%
16.11.2015,2.8834,2.8639,2.8882,2.8623.0.69%
13.11.2015,2.8637,2.8636,2.8786,2.8540.-0.05%
12.11.2015,2.8651,2.8733,2.8920,2.8555.-0.34%
11.11.2015,2.8748,2.9138,2.9158,2.8704.-1.41%
10.11.2015,2.9158,2.9195,2.9263,2.8995.-0.17%
09.11.2015,2.9207,2.9125,2.9289,2.9100.0.19%
06.11.2015,2.9152,2.8597,2.9327,2.8558.1.91%
05.11.2015,2.8607,2.8616,2.8779,2.8530.-0.08%
04.11.2015,2.8631,2.8268,2.8700,2.8210.1.21%
03.11.2015,2.8290,2.8228,2.8515,2.8070.0.18%
02.11.2015,2.8239,2.9144,2.9156,2.7540.-3.13%
30.10.2015,2.9151,2.9370,2.9422,2.9060.-0.76%
29.10.2015,2.9375,2.9232,2.9435,2.9141.0.44%
28.10.2015,2.9247,2.9026,2.9336,2.8841.0.71%
27.10.2015,2.9041,2.8894,2.9180,2.8843.0.49%
26.10.2015,2.8900,2.9053,2.9207,2.8790.-0.61%
23.10.2015,2.9078,2.8708,2.9165,2.8550.1.23%
22.10.2015,2.8726,2.8939,2.9026,2.8610.-0.79%
21.10.2015,2.8954,2.8995,2.9155,2.8892.-0.17%
20.10.2015,2.9003,2.9043,2.9101,2.8820.-0.18%
19.10.2015,2.9054,2.8928,2.9075,2.8760.0.47%
16.10.2015,2.8917,2.8794,2.9090,2.8753.0.40%
15.10.2015,2.8803,2.9128,2.9148,2.8740.-1.15%
14.10.2015,2.9137,2.9571,2.9640,2.9090.-1.52%
13.10.2015,2.9586,2.9249,2.9620,2.9220.1.10%
12.10.2015,2.9264,2.9157,2.9591,2.9110.0.50%
09.10.2015,2.9118,2.8920,2.9212,2.8860.0.63%
08.10.2015,2.8935,2.9390,2.9500,2.8895.-1.59%
07.10.2015,2.9402,2.9572,2.9630,2.9120.-0.61%
06.10.2015,2.9583,2.9807,2.9995,2.9531.-0.85%
05.10.2015,2.9837,2.9936,3.0031,2.9798.-0.23%
02.10.2015,2.9906,3.0256,3.0373,2.9840.-1.19%
01.10.2015,3.0267,3.0244,3.0330,3.0060.0.03%
30.09.2015,3.0257,3.0359,3.0443,3.0145.-0.37%
29.09.2015,3.0368,3.0547,3.0705,3.0295.-0.69%
28.09.2015,3.0579,3.0461,3.0625,3.0260.0.37%
25.09.2015,3.0467,3.0367,3.0577,3.0216.0.21%
24.09.2015,3.0403,3.0376,3.0754,3.0261.0.06%
23.09.2015,3.0385,3.0239,3.0485,3.0101.0.41%
22.09.2015,3.0260,3.0055,3.0410,2.9860.0.66%
21.09.2015,3.0062,3.0069,3.0281,2.9790.0.04%
18.09.2015,3.0051,3.0115,3.0152,2.9747.-0.24%
17.09.2015,3.0124,2.9973,3.0295,2.9732.0.47%
16.09.2015,2.9984,3.0285,3.0325,2.9885.-1.04%
15.09.2015,3.0300,3.0578,3.0720,3.0190.-0.91%
14.09.2015,3.0578,3.0345,3.0720,3.0345.0.37%
11.09.2015,3.0465,3.0215,3.0610,3.0149.0.78%
10.09.2015,3.0228,3.0353,3.0631,3.0130.-0.43%
09.09.2015,3.0360,3.0096,3.0441,2.9840.0.83%
08.09.2015,3.0111,3.0305,3.0350,2.9997.-0.63%
07.09.2015,3.0301,2.9977,3.0464,2.9977.0.75%
04.09.2015,3.0074,2.9698,3.0141,2.9660.1.24%
03.09.2015,2.9707,2.9403,2.9785,2.9360.1.00%
02.09.2015,2.9414,2.9294,2.9590,2.9213.0.38%
01.09.2015,2.9302,2.9134,2.9329,2.9040.0.53%
31.08.2015,2.9148,2.9229,2.9329,2.9050.-0.31%
28.08.2015,2.9238,2.9084,2.9318,2.9040.0.48%
27.08.2015,2.9099,2.9307,2.9348,2.8940.-0.75%
26.08.2015,2.9318,2.9387,2.9511,2.9140.-0.29%
25.08.2015,2.9402,2.9406,2.9509,2.9080.-0.06%
24.08.2015,2.9421,2.9190,2.9865,2.9149.0.80%
21.08.2015,2.9187,2.9145,2.9365,2.9010.0.09%
20.08.2015,2.9160,2.9246,2.9999,2.8860.-0.32%
19.08.2015,2.9255,2.8931,2.9450,2.8820.1.07%
18.08.2015,2.8946,2.8672,2.9093,2.8620.0.92%
17.08.2015,2.8683,2.8355,2.8734,2.8232.1.21%
14.08.2015,2.8340,2.8196,2.8475,2.8156.0.50%
13.08.2015,2.8200,2.7761,2.8300,2.7680.1.53%
12.08.2015,2.7776,2.7787,2.7880,2.7647.-0.08%
11.08.2015,2.7797,2.7782,2.7905,2.7570.0.01%
10.08.2015,2.7794,2.7802,2.7970,2.7730.-0.03%
07.08.2015,2.7802,2.7752,2.7940,2.7710.0.16%
06.08.2015,2.7757,2.7856,2.7920,2.7730.-0.40%
05.08.2015,2.7868,2.7822,2.7940,2.7640.0.15%
04.08.2015,2.7826,2.7801,2.7842,2.7630.0.05%
03.08.2015,2.7812,2.7662,2.7844,2.7619.0.37%
31.07.2015,2.7710,2.7818,2.7981,2.7510.-0.42%
30.07.2015,2.7826,2.7645,2.7932,2.7580.0.64%
29.07.2015,2.7650,2.7584,2.7760,2.7521.0.18%
28.07.2015,2.7600,2.7704,2.7740,2.7410.-0.41%
27.07.2015,2.7713,2.7399,2.7780,2.7320.1.23%
24.07.2015,2.7377,2.7336,2.7539,2.7225.0.12%
23.07.2015,2.7344,2.7057,2.7397,2.7033.1.02%
22.07.2015,2.7067,2.6835,2.7250,2.6780.0.83%
21.07.2015,2.6844,2.6975,2.7002,2.6780.-0.52%
20.07.2015,2.6983,2.6518,2.7020,2.6518.1.72%
17.07.2015,2.6526,2.6554,2.6585,2.6449.-0.15%
16.07.2015,2.6565,2.6442,2.6594,2.6380.0.38%
15.07.2015,2.6464,2.6305,2.6521,2.6250.0.56%
14.07.2015,2.6317,2.6450,2.6520,2.6240.-0.53%
13.07.2015,2.6456,2.6708,2.6751,2.6410.-0.79%
10.07.2015,2.6667,2.6766,2.6808,2.6540.-0.45%
09.07.2015,2.6788,2.6871,2.6897,2.6625.-0.35%
08.07.2015,2.6881,2.6849,2.7016,2.6749.0.10%
07.07.2015,2.6854,2.6772,2.7002,2.6690.0.27%
06.07.2015,2.6781,2.6907,2.7163,2.6703.-0.39%
03.07.2015,2.6885,2.6836,2.6950,2.6805.0.16%
02.07.2015,2.6843,2.6900,2.7070,2.6790.-0.27%
01.07.2015,2.6917,2.6807,2.6970,2.6670.0.38%
30.06.2015,2.6816,2.7008,2.7073,2.6670.-0.78%
29.06.2015,2.7028,2.6640,2.7096,2.6640.1.42%
26.06.2015,2.6649,2.6542,2.6750,2.6525.0.37%
25.06.2015,2.6550,2.6767,2.6793,2.6495.-0.84%
24.06.2015,2.6776,2.6778,2.6890,2.6670.-0.05%
23.06.2015,2.6789,2.6645,2.6860,2.6619.0.50%
22.06.2015,2.6656,2.6943,2.6976,2.6580.-1.09%
19.06.2015,2.6951,2.7107,2.7254,2.6889.-0.63%
18.06.2015,2.7123,2.7038,2.7212,2.7020.0.23%
17.06.2015,2.7061,2.7325,2.7452,2.7049.-1.04%
16.06.2015,2.7345,2.7342,2.7527,2.7230.-0.05%
15.06.2015,2.7358,2.7099,2.7460,2.7099.0.85%
12.06.2015,2.7128,2.7015,2.7262,2.6992.0.39%
11.06.2015,2.7022,2.7318,2.7532,2.6971.-1.18%
10.06.2015,2.7345,2.7503,2.7564,2.7240.-0.64%
09.06.2015,2.7521,2.7505,2.7642,2.7280.0.02%
08.06.2015,2.7515,2.7678,2.8117,2.7410.3.36%
05.06.2015,2.6621,2.6664,2.6920,2.6520.-0.21%
04.06.2015,2.6677,2.6843,2.7080,2.6560.-0.67%
03.06.2015,2.6856,2.6732,2.6930,2.6697.0.42%
02.06.2015,2.6743,2.6820,2.6940,2.6680.-0.32%
01.06.2015,2.6829,2.6598,2.6865,2.6572.0.75%
29.05.2015,2.6630,2.6540,2.6687,2.6440.0.33%
28.05.2015,2.6543,2.6407,2.6679,2.6380.0.46%